,ͼƬַ,ͼƬ,,
VOL.1970,http://image.wufazhuce.com/FgW-iZpSb4g0vuWLvFAiC5mgIRPq,Ӱ,"27Feb 2018",Զ˼СڴЩ˼뱾Ӳϣá
VOL.1971,http://image.wufazhuce.com/FjUBye5t2717ZxrFc_IksmS56PyS,Ӱ,"28Feb 2018",ҲãʹҲã֮
VOL.1972,http://image.wufazhuce.com/FhazHbsLluqRyu_6mbS-5QQ77Soj,廭,"1Mar 2018","ӭʹ˵˵ֲһ"
VOL.1973,http://image.wufazhuce.com/Fk386E1sCLUidHgfQMA-RyAMbnlv,廭,"2Mar 2018",һֺαȥҴһֺαȥţпߵˣ˿ǡ
VOL.1974,http://image.wufazhuce.com/FjwIMLhJ-YnYcq4dzb-jCU4DXEyG,Ӱ,"3Mar 2018",γŬԼøãҵȷǸиˡ
VOL.1975,http://image.wufazhuce.com/Fj3SNvGbE-MplAJ6KJ-yZYYHwI5J,Ӱ,"4Mar 2018",ڻ۾ԶǴ졣ǵл塣
VOL.1976,http://image.wufazhuce.com/Fg58k-i0p1eDkrSj5lSKL2sOpTNP,Ӱ,"5Mar 2018",ҪһĸоҪҪаˡȡñ˵顪˽˽
VOL.1977,http://image.wufazhuce.com/FvoIh4qCg60AefwFO6PXsVIEotEK,Ӱ,"6Mar 2018",ڼûǳͷβĻ쵰Ҳû˴δ쵰¡Ѵھܶشڲǻ쵰һࡣ
VOL.1978,http://image.wufazhuce.com/FjHKg5Zz6qLfp3DdwqAQ1-t17-5A,Ӱ,"7Mar 2018",ڶҵȻһҿ־˷ܡ֣֡ҡҡ
VOL.1979,http://image.wufazhuce.com/Fiy3EYhVJ2M6HMYxAi2dmPaw3Ogd,Ӱ,"8Mar 2018",ܶıֻӡӣ˲ֵðֵʲôɥʧԭеʣֻʣԭͲ԰ֲϵ΢⣬µ˱ӷɶ˻سȥ
VOL.1980,http://image.wufazhuce.com/Fn8LFSmRozxA1Z-TJTHJkuZPE9ii,廭,"9Mar 2018",ΨʱҲ֪ǵõʧȥ
VOL.1981,http://image.wufazhuce.com/FuZA-6O38QXS189zIGWQusxynXpk,廭,"10Mar 2018",Ӧжʱͻö
VOL.1982,http://image.wufazhuce.com/FsH8rcDOFiHb_x6ELlo0S6uqcnws,Ӱ,"11Mar 2018",ֻϲҲϲԼʱ򣬲ſ԰̬ŵͣ͵شУҲﾳ̬ԽԽɵƣ˶ΣҲվҲǣû۵ģشֻɨػˡ
VOL.1983,http://image.wufazhuce.com/FiYOkmKMNogLV0JW7H_wYoOqo-5x,廭,"12Mar 2018",Ѿ̫ʱˣǿԴ̫մȴԶ޷̽ĵ档
VOL.1984,http://image.wufazhuce.com/Fov1FvsKC9JLt5po1DWL0IIL5K6G,Ӱ,"13Mar 2018",ҿЩαۣ˶ӭ˴졣
VOL.1985,http://image.wufazhuce.com/FqGEm4kPLo-SjkfWc-spiOmN8lbg,Ӱ,"14Mar 2018",ܻӵһЩԼĶлõȴҪΪһˣͻʧȥԼ
VOL.1986,http://image.wufazhuce.com/Fv4J1IvXnO4Bg_NCaEEgByGenTzo,廭,"15Mar 2018",Աʱ˼ڵ壬ʧʱ˼ıʣԼ𿪵Ŀݴûõġ
VOL.1987,http://image.wufazhuce.com/FstbIkUvTiKbCRpGoeqvk_fQKgio,Ӱ,"16Mar 2018",Ŭ˵ѣŬ׷ѡ
VOL.1989,http://image.wufazhuce.com/Fv7sIjdPR0CceEDIZ4wd62jWAhTU,Ӱ,"18Mar 2018",Լһ˸еĵ£ѲԷһѡʱģڴһȵ忪ģϴʱģȫͿϻʱģˮʱģվھǰѡ·ʱģڲߵȶԷ߽ŵزںʱģԼӭ߻ؼʱġʱãԼ鶼ԼݣԼĶȫûйϵֻһ򵥵Ŀġ
VOL.1990,http://image.wufazhuce.com/Fpn2_QbCyGZjdwQFSjyRuP0cygp-,廭,"19Mar 2018",ԸȡᣬΪ̫ʱ̫١Сʱʲô̰࣬Ϊʱ̫̫С
VOL.1988,http://image.wufazhuce.com/FgpG9K72--jUfaNowvzkLCry1kaM,Ӱ,"17Mar 2018",įĶֻҪһ㣬ͿԵȼĻߡҲּįֻĵ׵Ļߡ
VOL.1991,http://image.wufazhuce.com/FrLLzYKZKE0dowKP0W6MHvp6vqhW,廭,"20Mar 2018",¾Ҫ˯úϲˡ
VOL.1992,http://image.wufazhuce.com/Funo2Mmn5lhgR1dh_n6U3jrcAROO,Ӱ,"21Mar 2018",ŬӦûб߽ģǧ𣬲ȥж⣬ܹ飬ܹɹĵطϣ
VOL.1993,http://image.wufazhuce.com/FoF4xUy2BWIom2cfgWunROcCAODO,Ӱ,"22Mar 2018",ЩҪ飬ЩҪΣЩҪǮЩҪԡĳЩʱأЩ˶˵ԼҪǰ顣
VOL.1994,http://image.wufazhuce.com/Fmv1ErNY1K7mG8nyZS9448xxC89m,廭,"23Mar 2018",һ˿ʼԼ˵ѵʱ ùЩֻ뱻ùЩ
VOL.1995,http://image.wufazhuce.com/Fn-y3eX_UU-I1sZfuIq8eP4bINJT,Ӱ,"24Mar 2018",ǿ󣬲Ϊػģ׿ĵʱ
VOL.1996,http://image.wufazhuce.com/Fvina4lIv5TljWIicK-R3FpwoILv,Ӱ,"25Mar 2018",Ӱһ˵ģǵֵĶ֮õĶ
VOL.1997,http://image.wufazhuce.com/FjiNBdVPWRTKxHTMiXQndBIOTBLY,Ӱ,"26Mar 2018",ҿ˱ҵذ壬װһǿ󣬲Զվߡҿ˻Ҳһ鰮࣬˿һͬȴ֪˴˵ǼѶʱĴ£ҪһеģԢڿҰҹ˭ܰ㻽ؼңֵֻ֪˲ܡ
VOL.1998,http://image.wufazhuce.com/Fq0iM5J2pa5Kbf_pJZwPlu4w4Wdw,Ӱ,"27Mar 2018",һ㣬Ϊÿ˶ս
VOL.1999,http://image.wufazhuce.com/Fp4DzlLOj1wCyZ3gZkkcfSTtubew,Ӱ,"28Mar 2018",ǵݰԼǾֹģǻ᲻ǰСӳһ̿ʼҪȥĵطѾˣֻһǰûʶһ㡣ҶֻԼڵϡ
VOL.2000,http://image.wufazhuce.com/FuQjLILsQSrJ2bJ0iLjSDB1z2dhv,廭,"29Mar 2018",С󶼱Ц档ǵġҵȷʧܹΡǻˡҵʧܴΪҵ棬Ϊǵʵ
VOL.2001,http://image.wufazhuce.com/FohROQah2VIgu5yqsgrpnFlwPTaH,Ӱ,"30Mar 2018",ֻϲһˣŲ˵磬ʮֿ̣ϣӵһУǶƽ²мһˣǿȼգо͵ĻɫȼգըڱըзɫĹ⣬˾̾ѡ
VOL.2002,http://image.wufazhuce.com/FqFng--KOBzc04R6Rwy0XnPY5b2T,Ӱ,"31Mar 2018",ҲųĹϵҶеϲöŲԤС
VOL.2003,http://image.wufazhuce.com/FvAzobbsWRL1tUGFdgSgYO48Lcsd,廭,"1Apr 2018",˽⣬¶ᱳ˵֮һ
VOL.2004,http://image.wufazhuce.com/Fgeyt4qGpmO8gA-ZK-hYmXL20QoM,Ӱ,"2Apr 2018",ЩδҵҸˣȥ˵ûֶǻýý޺
VOL.2005,http://image.wufazhuce.com/Flp1UAfCe1-OZ8x7NhBi1ZPtFssF,Ӱ,"3Apr 2018",Ҳ֪еҸΪԼһֱ˵رƴΪԼ˵ֻǵñƴ
VOL.2006,http://image.wufazhuce.com/Fl3xNJ9fLOfDF9KyywXz0Q6a0911,Ӱ,"4Apr 2018",Ҫǰ㰮ЩͿԶ˵Щ
VOL.2012,http://image.wufazhuce.com/Fk_n-XJMaOnkJ5QsBcswbb23oxdH,Ӱ,"10Apr 2018",ܶʱǵѡ񲢲ĵֻǶ԰ȫе粢Ӯֻ䡣粢ǰֻǹ¶˶м״̬ֲ
VOL.2008,http://image.wufazhuce.com/Fp26J-iJZ8Uh6KQdu5waHCMWpSZG,Ӱ,"6Apr 2018",ֻ࣬ҪһᶨĻͿˣ
VOL.2009,http://image.wufazhuce.com/FrSHjBj-748NFhQ3FtLx3y0ZVl_P,Ӱ,"7Apr 2018",еĶҪġҪģҪġҪģȫޡܿ޳ıҲޡ
VOL.2010,http://image.wufazhuce.com/FusrrRDyIbrSOBK8L6TDIA0XgnkR,廭,"8Apr 2018",˶̫Ķ⣬ҵƾ٣ڽһڰ㻹㡣
VOL.2011,http://image.wufazhuce.com/FrBmZGtLzCK0mMCXJQMZc5HRT4sb,Ӱ,"9Apr 2018",Ļε֪ĹĲԭյĻäȥ ôᰮˮ㡣
VOL.2007,http://image.wufazhuce.com/FslvXV85Dmz1GopaXjnr3fsW0wcG,廭,"5Apr 2018",һšȥսᣬǳԽһ̣һΪˣ˺ܶˡ˵ţ·Сģܻټġ
VOL.2013,http://image.wufazhuce.com/FmIxMpg0WuI3QKarcx_KhdHoCZrk,Ӱ,"11Apr 2018",Ĵ̣ŲϿߵģƫĶ
VOL.2014,http://image.wufazhuce.com/Fqqr4WXZwc39cWe927bsYY8-0XD8,廭,"12Apr 2018",˳ʶһˣǸ˳ΪѣΪˣΪļˣôĻȾһԷ˺ܶĻһһΪѣΪˣܳΪˡ
VOL.2015,http://image.wufazhuce.com/FtrQ07WkxyVbIqDC0cDWMMQ5RwZG,Ӱ,"13Apr 2018",кܶʱ̶ʺչΪҪĲиȥĹ£Ƕ˿̵飬ĬɣǸʱֵĻ
VOL.2016,http://image.wufazhuce.com/FgUoMrPJYqNi07svSO9faZC6O0Lk,Ӱ,"14Apr 2018",ֻԼһ˵һ˻ʱǲŶԼ˽ࡣ
VOL.2017,http://image.wufazhuce.com/FmAmWCrpSIaf7MCO0dcNm4L3zv3d,Ӱ,"15Apr 2018",ǺҪУϵӽϣʶԼĿɱСҲ̵˵ʹѸٵִ½ݡϣǶһģϵ۲˵ڽ̺ѧһ棬㽨˱߼ĽǶȣʶһ˲߳õı
VOL.2018,http://image.wufazhuce.com/FvXPBdNC6vzuN722T0RIqK8GzOTn,廭,"16Apr 2018",еļ
VOL.2019,http://image.wufazhuce.com/FqRSkVnAQ1v6W_tyUcqg6pyqL0Vx,Ӱ,"17Apr 2018",֮ǰеϲ˵ڣеᵹ޼ɵ֮ϲһ˵ֱԲ䣬ȴȫ
VOL.2020,http://image.wufazhuce.com/Fg7I1nCtZHl2SxXfguh-QrK5WSsE,廭,"18Apr 2018",Ϊ˵ĹȥĴˡ
VOL.2021,http://image.wufazhuce.com/FrGWOu-mM-s5Lk_8Q5FbLKDPmzmT,Ӱ,"19Apr 2018",ֵο֮ǣÿһ춼нʱ򡣽Ҳ⡣
VOL.2022,http://image.wufazhuce.com/Fs7MdAZRmmKcQ9NAMOjZXARvp3i6,Ӱ,"20Apr 2018",Ϊ˻һЩ»룬ʧȥһЩɻ룬ǳɳ
VOL.2023,http://image.wufazhuce.com/Fq56YhPFsbWhw0kTA9gV6hANSQO3,Ӱ,"21Apr 2018",֮İװ⡣֮⣬װమ
VOL.2024,http://image.wufazhuce.com/Fq975lkm6KVqyGLeH_yFyTfMQr2l,Ӱ,"22Apr 2018",ֻܶ˰Ѻܶ˶ˣֻСж̣ 
VOL.2025,http://image.wufazhuce.com/Fu69E1kYHEw9ugqHBVdJkIBQom-m,Ӱ,"23Apr 2018",Ҫô˵أҪʧʹģϲ˳⡣
VOL.2026,http://image.wufazhuce.com/Ftf-6fyv8r7FO0d9KtUyrxTX_Tka,廭,"24Apr 2018",µĲǰ̷ްδ
VOL.2028,http://image.wufazhuce.com/Fm1gi5jnjD3ATGfNm5nc6IxSXGvP,廭,"26Apr 2018",һһߣмĹ˵ʧȥ̧̫Լˣģȥ̯ģսȭͷ
VOL.2027,http://image.wufazhuce.com/FiaUiih6pU5Z3BHs-l7YPbMQzryT,Ӱ,"25Apr 2018",źźйء
VOL.2029,http://image.wufazhuce.com/FlyTvX0F69_vOSEOvxqnIoB_LmtU,Ӱ,"27Apr 2018",ҵ֪Ҷ淽ʽֻһǳͨڡ
VOL.2030,http://image.wufazhuce.com/Fv8lQco1u9pb2r25tjtdCBxjUqAy,Ӱ,"28Apr 2018",ͨȥΪ͸ˣŴϵȥ
VOL.2031,http://image.wufazhuce.com/FoJupaTUAuTU8CTR6xhe7_6HSXUN,Ӱ,"29Apr 2018",˭ǲİֻϹ˺ϡﻩһǻԼҲװѡ
VOL.2032,http://image.wufazhuce.com/FuWou6HlwchQ5rVQ5sQokRF_Acln,廭,"30Apr 2018",ÿοЩΪ˵õŬԼر𡱵ˣҶ˵İزر޹ϵ̹ȻһɣΪͨġΪͨõİǰ
VOL.2033,http://image.wufazhuce.com/FnN7xlBRjml1BT0uDQcr-PC7Qpgm,Ӱ,"1May 2018",Ұҹ֪ȴµ _
VOL.2034,http://image.wufazhuce.com/FvgzVLpzK_rWI-UFafVIEQd3MhmU,廭,"2May 2018",̫С֪ȴҲҲ̫С֪ȴȥ
VOL.2035,http://image.wufazhuce.com/FvG1nNlR-7GnGh0TuP_Eo24EKb7T,Ӱ,"3May 2018",˲ʲôʱܻù󡣱̧ͷͦǰȴ֪ʱͻմһ͡ʹҲܼȥĻһͻġ
VOL.2036,http://image.wufazhuce.com/FpbQixPRlalOZIQFGv0umlTbB7BL,Ӱ,"4May 2018",ɰ˾ͻõ۸˾ͻ۸Ĺƽ湷ʺ
VOL.2037,http://image.wufazhuce.com/FiFCwrkNsYt_y5NKq3OK3si6pX27,廭,"5May 2018",ױ˼仰Ӱ죬ʲô쳤ءԵȡԽӵԽû塣ԣҪΪһЩĻеġҪΪף
VOL.2038,http://image.wufazhuce.com/FkgfPCVGOuzsCpmhKH36oTHd6FPM,Ӱ,"6May 2018",ĸԸΪһЩ黭ϾţǶתתȴ޼գֻǸпѣں󲻺֮˵ġ
VOL.2045,http://image.wufazhuce.com/FmjZVIZV_Co4T34d2nyoN0DJzx2U,Ӱ,"13May 2018",ĸ׺ͺ֮䣬ѡͱѡĹϵֻ˶ѡ
VOL.2039,http://image.wufazhuce.com/FnuBzVt7Yn5ZN3t_gU4sKrkz4vWM,廭,"7May 2018",ʱ̫͹ۣ¼̫ھ籾һͿԽĹϷҪŨīزдϼʮͷϷȴ޷˻ͣҲãʹҲãÿһÿһ붼̫ƽˣϸعȥ
VOL.2040,http://image.wufazhuce.com/Fo3bLqi6qTmXPna1USe1ulnDxL93,Ӱ,"8May 2018",̫£˲ܶණ
VOL.2041,http://image.wufazhuce.com/FnZxB2e_izm0TOV7KMW1jjPsEROS,Ӱ,"9May 2018",ʲô˭ǰѺ˭ǰŮѣܽѵظһַֿĹ̡
VOL.2042,http://image.wufazhuce.com/FkdoXuVvzt8W0LCikgeRa02YGGAZ,廭,"10May 2018",Լܶ෨Լ㡣
VOL.2043,http://image.wufazhuce.com/FjCua-t2k4a3Twe1qjbov1FD7Yox,Ӱ,"11May 2018",м俪ʼϲվܾãʱǲӦöģվߵˣҲ֪Ҫ˵ټһͣ
VOL.2046,http://image.wufazhuce.com/FoMQToEdCDYIzn5XT2sAJvmhD7LI,廭,"14May 2018",δ޷Ĩȥȴ¹ȥȥڹȥջƻ轫ʱԭҰϵө棬˵ԭˡͷǴǰǴǴŬеĴͬǴ
VOL.2044,http://image.wufazhuce.com/Fg8EhqDMIEK-OKkknwTA43giOpSm,Ӱ,"12May 2018",ʵÿʱÿǶ˵ģΪκѵǰ涼ټһ֡
VOL.2047,http://image.wufazhuce.com/FmxIIqf2BEBZ-IsmmvXygpRdHXG6,,"15May 2018",¶ûбȽϼģûһֹ¶һһֹ¶¶¶δǻ¡һֱ¶ˣ᲻¶ġ㻹ܸоͻˡ
VOL.2048,http://image.wufazhuce.com/FrVMbKMZn6e3XP9LELHHytsOUjQZ,Ӱ,"16May 2018",Ǹǹ۶ġôۻʹľɼʱҪյĽΪ֮ɫġļɬҲܹɫң۷ҷҲȻϳʱʱ̿Լ֪ˣαص
VOL.2049,http://image.wufazhuce.com/Fl5A9GJNO6qgvLX2UwONNPeRnHo1,Ӱ,"17May 2018","ΪʱѾܾûк˵ǵĴ磬ͱϵĵα߽磬ʻĹµ緫ȻһݰɣңҪ䡣"
VOL.2050,http://image.wufazhuce.com/FqY1m9k-bOwOj3oPM9TlyqYfYQN_,Ӱ,"18May 2018",춼˵ҪڸоҪƭԼǲƭԼҪƭˡ
VOL.2051,http://image.wufazhuce.com/FgtDy8ym3xzbyAnEg5BujakzsP8s,廭,"19May 2018",ֵˣ͸㲻ʰ
VOL.2052,http://image.wufazhuce.com/Fm3V7KAcLdfe33O9Ie-Cbb_0rcKt,Ӱ,"20May 2018",˵һҹǴȥģǾԶҪ沨
VOL.2053,http://image.wufazhuce.com/Fsp_0kSbO9dBqfvfTR8f_5hHi7AN,Ӱ,"21May 2018",Ͳ£͵αƵάŤķʽ¡
VOL.2054,http://image.wufazhuce.com/FhZIF8999UNT3dHxETXxycdF3fEn,Ӱ,"22May 2018",һӡԺ˶ǵĳͷǱĻҪ
VOL.2055,http://image.wufazhuce.com/Fj68SGk9ikiNWETRjy0Fq6X7fhKe,廭,"23May 2018",һʺ˶ΪԼ˲ʵֻ³ѡ
VOL.2056,http://image.wufazhuce.com/FgFBVirpR6bBC95VBAv75JZqOGWx,Ӱ,"24May 2018",˵гһաʱʵ˼ǡС
VOL.2057,http://image.wufazhuce.com/Fqe_prpZYRxIjYAp3PnpfC3h-U_t,廭,"25May 2018",Ůǻཻӵʱ˸ȷϡ
VOL.2058,http://image.wufazhuce.com/Fu1qjJjsQ_wZ_3BR-utNJwUIGY-P,Ӱ,"26May 2018",˻ᶮж˻ж޹صˣ
VOL.2059,http://image.wufazhuce.com/Fg_dmHn5t7cTe_cEV5YpHy9wq4tQ,Ӱ,"27May 2018",ϵΪܹԸమΪ˷ֹ̫ǿԸ˸İ
VOL.2060,http://image.wufazhuce.com/FpM8s5kk5nPtNsai4VRwcuUtXyuf,Ӱ,"28May 2018",ʱһĶ΢һ仰ͿԸıһˣ˶רעԼõʲôĸ裬ⲻ֣һӶòԼҪġ
VOL.2061,http://image.wufazhuce.com/FqtYL4ML2j8FmGfOPoKhQp6Lgoa5,Ӱ,"29May 2018",˯ʱǿ֡
VOL.2062,http://image.wufazhuce.com/FkbOujesR6G41UIbq9hI4LhXCh2y,Ӱ,"30May 2018",㣬պεҹȵؼٽ촽սˮͷûбǩĳذ졢Сġ
VOL.2064,http://image.wufazhuce.com/Fsqt-TBgOaZj-2Ao_fr8IPDpW8GY,Ӱ,"1Jun 2018",ʱصͯ꣬һƬͯ˼⣬ܶෳյͱ׽⡣
VOL.2063,http://image.wufazhuce.com/FuyS-QNC3QdV-rizRepEqvBiljiG,廭,"31May 2018",ҲѣΪ¶Ĵǲѡ
VOL.2065,http://image.wufazhuce.com/Fqt1dYMisn6vQUWP-0x6mBDcGi5e,Ӱ,"2Jun 2018",ʲôҲûڵųţڵϸˣڵѧڵ......ÿ˶ڵŸ ңֻڵ㡣
VOL.2066,http://image.wufazhuce.com/FooUHZvutY5gfo93LYZTnxlAmXAL,Ӱ,"3Jun 2018",ҸֶֻԼܼķΧ׷ҸҪ̫ߣԽԼ룬ǶԼҲǶ˵ĵˡ
VOL.2067,http://image.wufazhuce.com/FlTDTyDkgpjHFQWqOCHKil8uSice,Ӱ,"4Jun 2018",ϣܹԶߣҵ֪ҵСȥκεطǴׯ߻ԭֻҪСֻǲټЩˣٹûû˵ӡģжϰߵαװΪһңԴ˵õϢҵǣЩϴԸΥ
VOL.2068,http://image.wufazhuce.com/FomuanowzzuLG4FXJpQqcrQpp5YM,Ӱ,"5Jun 2018",ʵܾǰҾ֪ԼӦѡֻһֱ޷¾롣ڣȻ֪һ㡣ȷͬ˼ĸо֪鲻нȴ˶Է
VOL.2069,http://image.wufazhuce.com/Fu772E2deg7UAxpWL8C2qd3T5iDu,Ӱ,"6Jun 2018",ɶͬ㣺ȱԡʲô£ϿһĵȴĽѵûᡣ
VOL.2070,http://image.wufazhuce.com/Fs0VrR0of4GpJb1LGMIP7X7xQ0_G,廭,"7Jun 2018",ϵķӴ濴࣬סȴͬ˿֣˱ˣ˼뿪ѰҸõĶЩͬķţڵס˸Բͬࡣ
VOL.2071,http://image.wufazhuce.com/FgL14C_rTVr1e-uEJeFPGRE1qFyp,Ӱ,"8Jun 2018",廳ΪǰñȽ̹Ϊһҡ
VOL.2072,http://image.wufazhuce.com/Fqh9S0MFtK7Sl__D8dl8WMJxtVV-,Ӱ,"9Jun 2018","ǰǸڵõܺõĿ"
VOL.2073,http://image.wufazhuce.com/FnYP0tkaMwoXPJ7UkTG3yVwRRGlk,Ӱ,"10Jun 2018",˵ġƽ͡ʱ򲢲һĿݣֻǰЩ˳ͻľҪرȥԼĳͻ
VOL.2074,http://image.wufazhuce.com/FlrbgZBTmUlzeigMz8DXIsWN2MXf,廭,"11Jun 2018",ȹÿһճҲ漣
VOL.2075,http://image.wufazhuce.com/FhqXuQ0uP8FqDpSB1x5NRP4J3kgi,Ӱ,"12Jun 2018",ôӲأҺ͸ĸнԶ¶˵ҵʱ޳ˣ֮Ҳûȴ·ˣˣʹѧᱣǵǰˣվµûĥƽ¶Ϳ־壻ͬ±ǡõľ룬Էǰʱ鸴ӡ˵磬˱ˡ
VOL.2076,http://image.wufazhuce.com/FnyLk2nHjYAKDF4gY9ca6hYpuJKe,Ӱ,"13Jun 2018",ĸԴƼǽڵļ˼ά˵˾ŵ͵ȥ˸ӵѡ񣬽ʡʱȥ
VOL.2077,http://image.wufazhuce.com/FirYZtGbUAD20SEBM6blYwmDWjH3,Ӱ,"14Jun 2018",ѡһЬһԼʲô˹ϵҲ󡣹ӵڱţһϵԼţҪ䡢ǽڡ;߳ȵֶ֪
VOL.2078,http://image.wufazhuce.com/FoR2_IAoriSHZSyzp-GuViawd7t4,Ӱ,"15Jun 2018","ܾãڣδԻܰλðĹȥһǹȥĹȥˡģһعȥǻȥ"
VOL.2079,http://image.wufazhuce.com/FtGfUzVOeEUFcWPb96jeru0WMGXA,Ӱ,"16Jun 2018",군˵ʲôãֻġ
VOL.2080,http://image.wufazhuce.com/FlF3r9d19El-qBoLboz_DkAzBMi_,Ӱ,"17Jun 2018",Ĳץסһһġ
VOL.2081,http://image.wufazhuce.com/Fi4MSwyXsv34xgLDYmIWfBl7m_BY,廭,"18Jun 2018",ңңǾҹͻȻ˵飬Ǿ
VOL.2082,http://image.wufazhuce.com/FiByhwnUfqvHaEyHMt4dbMK-hQE2,Ӱ,"19Jun 2018",ЦױᣬΪ˿֡Ծ֪ˣʱ̣ҳ΢Цʱ̣ò㿪ġ
VOL.2083,http://image.wufazhuce.com/FmsYO6kYZYoZHfT_0llXv5DmiAeg,Ӱ,"20Jun 2018",ûҵõǣҲҵΪʹסǵĸڣĶҡ
VOL.2084,http://image.wufazhuce.com/FkcS6uZuldcd8WZ_epeml3ei7ivG,Ӱ,"21Jun 2018",ûصġﱳиʧĽͣһʼԵö֡
VOL.2085,http://image.wufazhuce.com/FpjjHcSadU0BXQuusTAPKIBcm4Ck,Ӱ,"22Jun 2018",Ѿܵ㹻ˣȴ׷һƽ͵ĺþ
VOL.2086,http://image.wufazhuce.com/Fo9GOaPdNjnA9LwWTFjRfg2sNK2B,廭,"23Jun 2018",ʱ򡰲һôˡʱٻᡱˡ
VOL.2087,http://image.wufazhuce.com/Fs8HeK16ksJngaMpbuoTpwvsygHa,Ӱ,"24Jun 2018",һţÿһеϸں飬ҳԽλ͵λá
VOL.2088,http://image.wufazhuce.com/FrnEkGWwC6VSFesdbKXcmEe0K2p4,Ӱ,"25Jun 2018",˶ݣҳżȻԡȴʶߴȴȻ϶ԷСѡȷĵ·ȴ㵽κεط
VOL.2089,http://image.wufazhuce.com/FqV2zoEXebtVD9l8wVuDho17WtXY,Ӱ,"26Jun 2018",йºܶ࣬Ƿ֣ӶôùĳЩ˲㻹ǻúܿģܿͬùʱȽϡʹڼУӰҲȻذڶ
VOL.2090,http://image.wufazhuce.com/Fh7WHJw9t_0JFh8N0eM-VX076rDX,Ӱ,"27Jun 2018","ֵȼ ǾͲܽ  ǾͲܽʯ ѽڳ ֻǴ˸ ľϡ"
VOL.2091,http://image.wufazhuce.com/Ft21X4fpJLboxmDtNsQj-DMcP_Sz,Ӱ,"28Jun 2018",ĺܼʧȥˣᾭ飬ʱʱ۵Ҫʱܶһ棬ӵľ
VOL.2092,http://image.wufazhuce.com/FpCqYzpbJ3_XHoZ4d6bwPu7qwOka,Ӱ,"29Jun 2018",ŮϵҪʲôתϣǵҪĸ׶εģǲŮϵһʼǽⶼһǳɵġ
VOL.2093,http://image.wufazhuce.com/FmOcq228kcWn_FARwr0qxsI4oxl0,Ӱ,"30Jun 2018",һ磬졣
VOL.2094,http://image.wufazhuce.com/Fmm7NQEJJHG0W-3cVhAgTL5LjEpg,Ӱ,"1Jul 2018",Ϊ߲ӣڶزȥˡ
VOL.2095,http://image.wufazhuce.com/FtukHWgP4h6wHxpw1nlX-n-EfIQh,Ӱ,"2Jul 2018",νÿ˲䶼ѡ񡣴ʱ˿һУҹȥѡĽѡ·϶ûߵ·ɡԣûкڵѡ񣬶Ҳûȷ𰸵ģֻҪѡĵ·ȷ𰸣ȷ𰸾Ϳˡ
VOL.2096,http://image.wufazhuce.com/Fj-W6wkNKU2YaVQURUTjnrRKmv9u,Ӱ,"3Jul 2018","ĳЩʱ̾ԼСʱҵһīˮӡҾӵǾӲ"
VOL.2097,http://image.wufazhuce.com/Fjz2JddRRZwDnQbAaQt4pIGVzMj7,Ӱ,"4Jul 2018",ǰΪһӺܿͻȥʵǿԺܳġһиֱָ˵˵ΪһӶԶסңʱҾúܶҿʱӣҾ͸ԼҪһӿʼˡ
VOL.2098,http://image.wufazhuce.com/FoJjWjOiJO-8g2mxu5lPbnmNDYTS,Ӱ,"5Jul 2018",ңʱˣԸеĹϵǣŮ֮顣
VOL.2099,http://image.wufazhuce.com/FpcCD7XLCGTyLcFD1oR5yDzXvVXH,Ӱ,"6Jul 2018",ϸûһ˵ֻһЩѽһЩѡ
VOL.2100,http://image.wufazhuce.com/Frk_5fi3l4VrGzezjo1uYNPI4KKS,Ӱ,"7Jul 2018",ǰҹµΪһˡҹµȴǡΪһˡ
VOL.2101,http://image.wufazhuce.com/FuxZYTjXp67G12598MQeXPGLj7eH,Ӱ,"8Jul 2018","ѹܻΨке˵ʱȥ"
VOL.2102,http://image.wufazhuce.com/Fl5DbCf_E2idcfOXQ-4yYoaTddSb,Ӱ,"9Jul 2018",ٳʪļ䣬Ҳȼϡ
VOL.2103,http://image.wufazhuce.com/Fh5_ZC1UFbnyD1eCv62d-O3jdJKx,Ӱ,"10Jul 2018",һ䣬ɻ󼸺ȫŨһ⣺Ӧ
VOL.2104,http://image.wufazhuce.com/Frweu_ZAG-jPVP0__-OYgw6I60RE,Ӱ,"11Jul 2018",ǵסٽҲ޷ͬ۹á
VOL.2105,http://image.wufazhuce.com/FrF0m6I_8qJYaFW8YVgMIusuC7AK,Ӱ,"12Jul 2018",âʱ뵽ˮǹƤ࣬෴˶
VOL.2106,http://image.wufazhuce.com/Fpdc0BftADUelskTLmsxwtHtwWjz,Ӱ,"13Jul 2018",Լǲǿ֣ͨĽݾ
VOL.2107,http://image.wufazhuce.com/FlxYkIWt6yzB3p-cAbbPm5w5YdWz,Ӱ,"14Jul 2018",νžǲͣȱɡ
VOL.2108,http://image.wufazhuce.com/FqLLR2DNaRvWt0iXDl5FlveYjYAQ,廭,"15Jul 2018",šҲһõõءԺܶûõĶһֱˡ
VOL.2109,http://image.wufazhuce.com/FnpAy5Se9Zp9jLbBJUCrSabBPOrt,廭,"16Jul 2018",ǶΪװӣװʱһҪСġ
VOL.2110,http://image.wufazhuce.com/FkV_09zLc03JoLBRdQmwMIEu50Ac,Ӱ,"17Jul 2018",бǰĶ棬ʲô׾ıﰮķʽ
VOL.2111,http://image.wufazhuce.com/FnzSulbFSURY4bDlKX07aJpTwq8-,Ӱ,"18Jul 2018",ǶˣԲŻ˵ѡǶǵСˣԲҪװǶһȺԲŻụ˺
VOL.2112,http://image.wufazhuce.com/FrK9_qn0ztlzxBPBajSGSqG7Fc8R,Ӱ,"19Jul 2018",Ϊ£ǹ¶ϣʵǣЩе¶һϡ
VOL.2113,http://image.wufazhuce.com/FuWLhxX5UtKeUtGr2r9QVL_F3cva,Ӱ,"20Jul 2018",Ѷ·ٸѣ߲·
VOL.2114,http://image.wufazhuce.com/FsNa8HRGO9IqFor7Ri_jrBYSG3PE,Ӱ,"21Jul 2018",ʲô˱ȽҸأӵдճСлҸеȹ˶ԼĿۣƶȥ¿רעȥҵһڽ̵ѧ۵ĴġгӯܴӴܡʹࡢˡѸٻָԼ
VOL.2115,http://image.wufazhuce.com/FnlmcEsFMmtH1VdH7EbA6_HF5dzQ,Ӱ,"22Jul 2018",õİǣһһεذ϶ԷÿһζһΡ ____
VOL.2116,http://image.wufazhuce.com/Fvjij372IKR8xQNQ2qaiIFAA0Fn9,Ӱ,"23Jul 2018",ġҴӲҪ԰׵һ֡þȫҴӲҪϡ͵һ֡ҴӲܰľ޴󣬵һȻ֪̫һɿճİ
VOL.2117,http://image.wufazhuce.com/Fr_3adthfCjZ_lj3nWMgIuet5sG2,Ӱ,"24Jul 2018",ֻһѡ֧Լ϶ķ;Ҳ޶飬ףΪǰ֮
VOL.2118,http://image.wufazhuce.com/Fqp2Q76bGm7tDHa8yDiBXfjhgKvB,廭,"25Jul 2018",ǶһбԶĺģ
VOL.2120,http://image.wufazhuce.com/Fs8rEn9YW4YHDyZ0KZUXrsgmVNeE,Ӱ,"27Jul 2018",ĺǺģ˿Ҳһ
VOL.2119,http://image.wufazhuce.com/FjcHfsbi7xfkurxmZMNqgQzyEgm6,廭,"26Jul 2018",ûйµʳֻʳѡ
VOL.2121,http://image.wufazhuce.com/FuqZ62PqXsZ-9uIji3zG7g5_uJX2,廭,"28Jul 2018",νο˿Ҫˮʱץסĵݡһ㰲οͻץסĶⰲοж֡жһץסκοԾĶҪֻǿҪˮǸжɹ󡣵ˣͲҪˡ
VOL.2122,http://image.wufazhuce.com/Fj5UopLAyMwLhsYhxyYMdbR2cJtn,Ӱ,"29Jul 2018",ԼԸһϢд棬Ҳùӱ˵İţƵعǳ
VOL.2123,http://image.wufazhuce.com/Fiha5kvr9VwdZk9EPNunfgw-WzDL,Ӱ,"30Jul 2018",Ҫ޲һУʱû顣
VOL.2124,http://image.wufazhuce.com/FtNJ5eJxA_5AQMmfKsV14EtRWazv,Ӱ,"31Jul 2018",죬紥ֿɼҲֱӡ
VOL.2125,http://image.wufazhuce.com/FmZj7x1SmB3Ui7o1vvXfG7lA-wUR,廭,"1Aug 2018",õ¾Ʋˣ쬵磬һȵˡ
VOL.2126,http://image.wufazhuce.com/FnV4JeyHAGJK8rKCJzWcfwOx9TeU,Ӱ,"2Aug 2018",еľͷѡһҸǣѡ˾Ըһֿࡣ
VOL.2127,http://image.wufazhuce.com/FoK0QM1LNYsfab2QKdLYZuXvRHgV,Ӱ,"3Aug 2018",ûĲģֻ׷ҺͲ׷ҵ˶ѡ
VOL.2128,http://image.wufazhuce.com/FgfqsDTUlunbenRoMgQAjw0UDDx8,Ӱ,"4Aug 2018",Ϊ΢Ǿͱ΢ܿࡣ
VOL.2129,http://image.wufazhuce.com/FpDFJvp0fV-IjfgCrcO6eM0pMqwz,Ӱ,"5Aug 2018",Զ̫ĳЩ̫ʹƣ룬ְ̫̫࣬䵭нڲȥ
VOL.2130,http://image.wufazhuce.com/Fu53ZZc4z8St8BJPHEnq3dqsUFZj,Ӱ,"6Aug 2018",ҶԼõĵطǶ԰л룬ǿ̫飬˺ܶ˺ʵûбˣ˺ԼҲֻԼѡ
VOL.2131,http://image.wufazhuce.com/Fjf4TizEqUpvwuKpr9VnVLmZA_Rk,Ӱ,"7Aug 2018",˵ܴŶֻʱ١ֻֻܡ
VOL.2132,http://image.wufazhuce.com/Ft_NAvzmwI_SyTCmepYkvsRsJ5mR,Ӱ,"8Aug 2018",ҸǻġıģԸָ̬һδȻѰǵߡ
VOL.2133,http://image.wufazhuce.com/Fp59eHUIEGRQLeqcnvADopnGafIS,Ӱ,"9Aug 2018",ΪֻҪ˵ŮʵᣬǾͻˣѵͲҴֱӵؿŮˣ˵
VOL.2134,http://image.wufazhuce.com/FgPK2dPNFBImlNAWUV9PTL59VVaI,Ӱ,"10Aug 2018",˭ޱڣⲻֻȡڶԷǷ飬ȡûиԷ㹻ġĲϡǷҵĸ¡鲢һԶԷһ飬߽ưܣǲ׫дµ½ڣԶǣĺġ
VOL.2135,http://image.wufazhuce.com/FhUGpJBjkcod8DHH7OSieT-8ODKz,Ӱ,"11Aug 2018",Լ˺ʱееġ޵ģԼ֮߸ȥԷЪ˹غñ˵ˣһðֻǾʱͣͰ㣬԰ˡ˵޲ΰ룬ʵǲܴڵģȰ֮κ֮
VOL.2136,http://image.wufazhuce.com/FpXhraPX6RVOiEVBkxL2mJzd1Lb5,廭,"12Aug 2018",ҹȵķ磬ˬİɫ䣬Ǳϻ߻е٣ԲŻҪһ㣬ЩĽš㰡ּˡ
VOL.2137,http://image.wufazhuce.com/FuVFTtUh8_DXz0lL8IpQubxEtDU4,Ӱ,"13Aug 2018",δκ֤֤һЦ
VOL.2138,http://image.wufazhuce.com/Fig6cdpoYAOyrJ-y7SUq95JaRjAB,Ӱ,"14Aug 2018",һҪȥһ
VOL.2139,http://image.wufazhuce.com/FhhYAe88vaXZjUO9Kaltjj1l9I1N,Ӱ,"15Aug 2018",ܰЦСʱԼЦһŬѧõĻѾͷһŬѧĺСӡ֮ЩɫߵȻٵߵֱǿʼԼ˫ԣǾ˴ྶͥĹ
VOL.2140,http://image.wufazhuce.com/FgHp6Zsv04OgXXMEIXGCh1rkf3xj,Ӱ,"16Aug 2018",СԶȺֻΪǣȴ㡣
VOL.2141,http://image.wufazhuce.com/Fg44nWDszn64emc2NaK-Nv0_dBFq,廭,"17Aug 2018",ԸȱܸȻܺãĺѣġڲص覴ãʵֻԼøӱƽ԰סһڸЩȱݣŬԼȱÿɰѡһȺܹܲͬԼȱˣǴμѡǿԼȥģò˸ѡˡ __
VOL.2142,http://image.wufazhuce.com/FkqahRqAsrolp-tSrLP5oYsqGQxO,Ӱ,"18Aug 2018",ҲȥҲãȥҲã鷳ġ
VOL.2143,http://image.wufazhuce.com/Ftz8siI-ik_M48LCr43SvSIvFbaV,Ӱ,"19Aug 2018",ʵ۵ģûʲô׼𰸣70ˣ70
VOL.2144,http://image.wufazhuce.com/Fs9hTob11yU8TdWZ14oy1-cQDcao,Ӱ,"20Aug 2018",ŬһˣҸ޹Сİ벻֮䣬ò̫Զ
VOL.2145,http://image.wufazhuce.com/FlbIss8Bu4t6F-tfFLKoHanhy9SG,Ӱ,"21Aug 2018",һֽǴһֽǣһһĹ̡
VOL.2146,http://image.wufazhuce.com/FqU5jrnmwYWV4uoIzfVbLvLa-D3I,Ӱ,"22Aug 2018",ܵ˺Ϊڴƴ
VOL.2147,http://image.wufazhuce.com/FrwEAgysErierjTJxYNl3h8MAxEX,Ӱ,"23Aug 2018",νϰ߳ȻĶ¶˵һпԵЩ̫һʱ䣬ǾͻϰΪˡ
VOL.2148,http://image.wufazhuce.com/FmzXd1BqHxapZZz23OX4vicMXj2z,Ӱ,"24Aug 2018",һ󲿷Ҫ㰮˶ȹѡ
VOL.2149,http://image.wufazhuce.com/FoscD3oIYvVl1q9E2Cmsrz-IqQZ0,Ӱ,"25Aug 2018",ϣδ㣬յ㡣
VOL.2150,http://image.wufazhuce.com/FrVnC4yjwexE6iKmsH2QBmWwCgop,Ӱ,"26Aug 2018",˵һһͯꡣһͯԼСʱ򣬶ͯԼӵСʱ
VOL.2151,http://image.wufazhuce.com/FkLM1eJH209S21sA5iMJ8fkc_0gP,廭,"27Aug 2018",ǿģʳȴܴһ˿ʱ
VOL.2152,http://image.wufazhuce.com/FtT0TpGXAnUQO_-M5mF4J2lrFda8,Ӱ,"28Aug 2018",Ҳһѧӹ
VOL.2153,http://image.wufazhuce.com/FsnY4rvyNlS1N9B1T-yZzjFgk2Ax,Ӱ,"29Aug 2018",û˵ʲôȥˣҲ졣
VOL.2154,http://image.wufazhuce.com/FlgLQDp--BARTUqmnxVRoLPBWIbQ,Ӱ,"30Aug 2018",ǵİȫвԡԶȻҲϣˡʵİȫУ¾㷢ҲӦԡ
VOL.2155,http://image.wufazhuce.com/FsGJ_spuDJUCWTFVgXaGqaoEft73,廭,"31Aug 2018","һ˳㣬ÿסһ㣬ĵġϸ룬㲻ֵԭ"
VOL.2156,http://image.wufazhuce.com/Fvex6j65Iwmk7yx1mHkaWc0_tGc2,Ӱ,"1Sep 2018",˵һ̣žǣļˣʱʱǣõο뿪ǳΪξĳͣĲ֣ȴޱȻǣȴ޷ͬ޽ٵ̸ۣ򳤾õһ
VOL.2157,http://image.wufazhuce.com/FpB-vsUhfH6JMr42Uow5gRuQIJFw,Ӱ,"2Sep 2018",޵ĻͽѵԷĻͺǻԷˡҲãϲҲգǿһġͼ޻ϲҶԷ
VOL.2158,http://image.wufazhuce.com/FtGCbKS1iw0SVgZxQfZpAboYVRLd,Ӱ,"3Sep 2018",ν룬ǽȻĶĶ¡
VOL.2159,http://image.wufazhuce.com/FqemoTo8l2qIV25XjhgBkT0R0HLw,Ӱ,"4Sep 2018",㱻ҲûϵģѧԭìܵԼ
VOL.2160,http://image.wufazhuce.com/Fp7-ERidzYhKu1RLG6hbB_DoPVVt,Ӱ,"5Sep 2018",νͨһ˵ӽУ׼Լһ˵ʱܻñǸܻԼ⣬ܻԼʲôһõİǻİһԽˣһκõİǡҵ۾㣬㵽жá
VOL.2161,http://image.wufazhuce.com/FqubxgNLviuJAt-P0zBdXTs9zCau,Ӱ,"6Sep 2018",ʵ޷Ҳ޻˵ʱȥȦһȥ΢һ·߽˴˵ķ䣬ڣҶڴߴ˻磬µݣһҲáһ룬ÿ˵ҳعٴӰ飬ֻʽ档
VOL.2162,http://image.wufazhuce.com/FuB-4RXL9NabHkdMSNdEem7nsSc-,Ӱ,"7Sep 2018",ݻƵҶҲˡԶŵҶҲˡЩ˵İ´ҶʱԳ񣬿ήʱĿȫǡңŻѡҶİΪ±ɫ̬ͻҲҡ
VOL.2163,http://image.wufazhuce.com/FuRfUFU1ZYxSjvlJdmf0mVJSfOnc,Ӱ,"8Sep 2018",вεģһһÿһƬ䶼ᡣ
VOL.2164,http://image.wufazhuce.com/FhfOr7UQJZZxwN8b2Al9VfRsA6zJ,廭,"9Sep 2018",ȱĲǲƻرǿʲôֵȫѹϵǻۡ
VOL.2165,http://image.wufazhuce.com/FpVfB7z7g8OF9KFr8HvnQQ-0yqzs,Ӱ,"10Sep 2018",ܳΪ죬ǿӡסЩӡ
VOL.2166,http://image.wufazhuce.com/FvUbfMAoM017fHKRggy5HqtYVrbD,廭,"11Sep 2018",룬ܶѾˣѾˡ
VOL.2167,http://image.wufazhuce.com/FlqR0LW7KiHs618Adnikw6XZQaXw,Ӱ,"12Sep 2018",˼ĿѼöˣûа취ƮƮض˵á֡µˡ
VOL.2168,http://image.wufazhuce.com/FpJY_gaslNVjslxgosx0XE3rGGNJ,Ӱ,"13Sep 2018",ѽֵܺͱӦ˶룬ȴֺԭ÷˿׽ټ٣Լ˭ǵİˣЩˣַԡ
VOL.2169,http://image.wufazhuce.com/Fn5E1UnrcvN0jwFRiOtDZ2WnQa4N,Ӱ,"14Sep 2018",еİ飬ͨʤ޷໥˽ʧܣûνԴ
VOL.2170,http://image.wufazhuce.com/Fo4CB76O9hgz0pNuTO7pJEUPH44W,Ӱ,"15Sep 2018",֮ԻΪԱһ󲻵ϣʱͻתΪŭ˵ʲôĶңһôҲûУֻɥʧƽжˡ
VOL.2171,http://image.wufazhuce.com/FnPyUIutVWLtBQ_as2AGbH362HIf,Ӱ,"16Sep 2018",Ҳװģӵѣǻص˹µ֮Уҿʼ˶ԵʱҲΪįܿĥԸķʽάԼҲԸԳΪۻȡֱѡ
VOL.2172,http://image.wufazhuce.com/Ft23lIu-i6SOxrMcwnU2FJEOKQDb,Ӱ,"17Sep 2018",̸ģ׹ġ
VOL.2173,http://image.wufazhuce.com/FoP_weZkSwATjIYjOvKzowSFKnER,Ӱ,"18Sep 2018",ҵһθоĸԶǰһȻ顣ۿŸĸ껪ȥȴʲôûֻ֪ܲԶԶ֪ͬĸĸ
VOL.2174,http://image.wufazhuce.com/FpExIypm6ZcwSpZMv3RrPitIHHSI,Ӱ,"19Sep 2018",㽲Ц⣬Ҳ˻ӦҪȻĻҲ׹㽲һƤȴȷôӦֻԺ赭дشֻһСʱͼҵԷġؼɵĴϣšʵҲǵһҲ
VOL.2175,http://image.wufazhuce.com/FnVIfxvN2Af2m4Qaw0L1QRo4u78J,Ӱ,"20Sep 2018",ȥΨһôҲصȥ
VOL.2177,http://image.wufazhuce.com/Fs9lkaLshzKuq0NHXYE8mYkuRlhY,Ӱ,"22Sep 2018",ЩڵһɡǴԴȴЦ֣ӲĹ¶קµأӵǰȥճоڵů㲻˵лл֪ŽأĳһںԼйء
VOL.2176,http://image.wufazhuce.com/FmfAlPbZuBCeAHHJUTS6t62WdtcQ,Ӱ,"21Sep 2018",õ˵ĶӵӵӵĶҲӲҵȫЩɵġ
VOL.2178,http://image.wufazhuce.com/FthGOvnsjpTCxcr-6OaZd5Kt_5QK,Ӱ,"23Sep 2018",˵ֻҪйİ飬ڰȥ֮κ˶޷͵ʱİᲢۡ뷨ãʵǲпġֹ¶·ϣȥֻǹȥֻжĵһġ
VOL.2179,http://image.wufazhuce.com/FrEcVd3dA8PHNhhMKnr_ZXmIbs_W,Ӱ,"24Sep 2018",о£ÿ춼һˣͬĹϵʮ㵱ʱû˲֪ô˷ˣһ԰ǰĸֽšԭΪһҲ벻Ļ飬ʱȴÿпޣոһգö֮붼ˡ
VOL.2180,http://image.wufazhuce.com/FtnEFkVOFwCZ60dQqy-zJ-era1xN,Ӱ,"25Sep 2018",ĵʲôϲ㣬ϲ㣬ֻϲ㡣ʵǣ˵ϲ԰߳˵ѵڶԱ˵ڴϣͦΣյġϲǽ޵ĶҾĵǣҿԴʧȥ㡣
VOL.2181,http://image.wufazhuce.com/FsLub7xi_thN-3hdPp_9by3IzUc1,Ӱ,"26Sep 2018",Щһ޳ɣҲ϶ѾǣӴʦЭţ㾫ӢԸ棬ҹƷʦңνɾͽ˵ɡרˣҹѷǿߣʧܴлʹƺݡɰ˹Ӱ󣬡ȱǮŴͳΨһָ̳ˡ
VOL.2183,http://image.wufazhuce.com/Fn5jsFYaxaZIlEdB3yG8vl5RyGUs,Ӱ,"28Sep 2018","˵ıȷʵġɳǱһһУԫϱֱХˢɳӣûƴˮԺ̵ֱҹûеȵ̶ֳȡ˵ȴǣûʲôôˣ"
VOL.2182,http://image.wufazhuce.com/Fq_4KtiyRhwSRlRujDu9P2I1JZrJ,Ӱ,"27Sep 2018",һߣΪԼȨΨһķǾ⣬΢΢⣬໥ҵȻһ𷢹⣬ֹܰѹե
VOL.2184,http://image.wufazhuce.com/FnEKhSk_OI7HksenAMN5Umgvcewt,廭,"29Sep 2018",һɺܶСĶɵġൽҵƻÿȴδܴﵽǣңСˮݣһȻܹеȡ
VOL.2185,http://image.wufazhuce.com/FqA_uO1zv3Pecra2LPhcb7_M291Q,Ӱ,"30Sep 2018",ν̣νʣνɵĴʽǷǳеԵĶΪ˱׼֣Ҳܻĵ׵ļڽ벻мԽ󣬻ԽԽԼ鴦ǻˣ
VOL.2186,http://image.wufazhuce.com/Fhzg20dascbB1Sn5IXX88Jen5lnB,Ӱ,"1Oct 2018",ֶǸ裬ǵõǵõԷ԰ڴ
VOL.2187,http://image.wufazhuce.com/FtPwAn-Oj_eODnWuLefGbQqmrIhH,Ӱ,"2Oct 2018",˵飬ܾԼʹһԼҲ޷ȫıˣʱ̵ĥң޴޷⣬κθҲ޷ο壬ҿЦã֮ϲǣͬŲǷȻһһҲֻҶȥÿÿ뵽ʱޱİ
VOL.2188,http://image.wufazhuce.com/Fg5WMuBvpbHq0UnaFAZqcjtnjMGv,Ӱ,"3Oct 2018",һνӦڱ˵̸
VOL.2189,http://image.wufazhuce.com/FovkSSUvS8B4GOdYp24u_ORRUQxP,Ӱ,"4Oct 2018",һ׮̫õ飬õѡʲôʽȹһ˷ѡ
VOL.2190,http://image.wufazhuce.com/FjwNoTpn-53GE1eyfmMo-DU8E_MM,廭,"5Oct 2018",ҾغģҲõ̫˵ƫģ¡
VOL.2191,http://image.wufazhuce.com/FmgG5yywxvyGH_DaneSsdELH-VjD,Ӱ,"6Oct 2018",ֵûйȥֵ˳˹ȥһС
VOL.2192,http://image.wufazhuce.com/FkCYG8n5FTPQoFYNTNixCcwOvd77,Ӱ,"7Oct 2018","쵽ȵߣļַ˵İҲתЩֻᷢļ ____"
VOL.2193,http://image.wufazhuce.com/FhLD1xmOODoID0b7XxAvhn_gv-sp,Ӱ,"8Oct 2018",е˲䶼㣬˲䣬ʹ˲䣬˲䡣ҵ磬е˲䡣û㣬һ޷ĿǰΪֹˡ
VOL.2194,http://image.wufazhuce.com/FoQ6JIRxYxbXRrVG0SaAg-B9a_gy,Ӱ,"9Oct 2018",ഺķӡܵĹҶԿ۽㶼ˡ
VOL.2195,http://image.wufazhuce.com/FlCBxsI-FLhTvEwmm2DbGtevsKyc,Ӱ,"10Oct 2018",ܾ֮󣬻ʧȥĸ֮󣬷ĸ״һУڽͷİкȻӰţԽ˱ʹ
VOL.2196,http://image.wufazhuce.com/FjaCqEVCuVBh_Z1cjsi_eR2sed9g,Ӱ,"11Oct 2018",ʱĸмΪõʲô㲻سЩʲô㻹ûʲô
VOL.2197,http://image.wufazhuce.com/FgTkDHb18zbxf96e9M1cuGDj4f1V,廭,"12Oct 2018",ϰ䣬̸ǮȨԣֻһȸɾĴͷɵ⡣
VOL.2198,http://image.wufazhuce.com/FlUjcpHHgablQtn_lnratXZhhzod,Ӱ,"13Oct 2018",ϰ߻ȡʤ
VOL.2199,http://image.wufazhuce.com/FkyEa4B0eIIXQ8HAwPJzwixSKJAx,Ӱ,"14Oct 2018",Ĺ¶һȺ޷Լĺм䡣
VOL.2200,http://image.wufazhuce.com/FqDXOBfpJ1EGKHPunYeRpmhOt1Sz,Ӱ,"15Oct 2018",ĳضͣб㲻ˡ¶롢ԼˣΪһоѷǰȫ¶һжǳµĻظеİˣҲǰڼеĹ֡
VOL.2201,http://image.wufazhuce.com/FuUh2MlGZmovxAQspV7dUzraRqXW,Ӱ,"16Oct 2018",ʲôŮҪĵôӦǣ罻ѡ񣬶
VOL.2202,http://image.wufazhuce.com/FvG61m1igmV152DJKIL3ayhX6iXO,Ӱ,"17Oct 2018",мƺѱܾˡǾǣԭôأԭҲôᡣ
VOL.2203,http://image.wufazhuce.com/Fm-6lbQcghY29-gIK_ZpjNpJT3Px,Ӱ,"18Oct 2018",ҵٵģҲССģȲЩ̫һâɵˣǸ̫ˮңֻÿ춼ŬеĵιâһԼãҲ÷һˡֻ찵͸ˣٰůͷŸһˡ
VOL.2204,http://image.wufazhuce.com/FiYdJlz2hTyyiFPsxjmrEtn3dVCt,廭,"19Oct 2018",æµǲ롢κеĽڣæµߵأæµҲȸʡ¡
VOL.2205,http://image.wufazhuce.com/Fs-B_aHstS_-1NZ03ZF_Cm_SCC7F,廭,"20Oct 2018",ǱĶסȻٶ³ǰ££Ĺ档ŨŨУӯƮһںңҲ㡣
VOL.2206,http://image.wufazhuce.com/FnF7LH6W-CGcLKqOg1a1jq-Ja5TJ,Ӱ,"21Oct 2018",ƽӹ˵ġ
VOL.2207,http://image.wufazhuce.com/Fk4Okst5N_pA9ov9pJ5FfXggHg7C,Ӱ,"22Oct 2018",Щʧһʧȥˣ¶뿪ˡЩʧһ̣һֻĵģȷװҵĹ̡
VOL.2208,http://image.wufazhuce.com/FhJgDJoTgUC0U6qnzC5blwlv7KdF,廭,"23Oct 2018",ºͺڵʱӦѡ񣬾ͱʾѡһ·õͬĽ
VOL.2209,http://image.wufazhuce.com/FtjmuQx7_VJTfOpip1m4-vBZZx5_,Ӱ,"24Oct 2018",ÿ²˳ʱͻῪʼΪԼѰɣΡʱƣֽοԼ룬ģܻĲ⣿ŵ״Ӻζ
VOL.2210,http://image.wufazhuce.com/FqSsjXB-DVascO_O_nfQjEWOv_gg,Ӱ,"25Oct 2018",˵ף˲ܸɵ¡
VOL.2211,http://image.wufazhuce.com/FojUu7s2FsuDJmXCoBqo0YrO9qOM,Ӱ,"26Oct 2018",˺ܾòףҪĲǷ£䡪㣬޷Ҳı£ɿǿԼˣȻǰߡֻŲ
VOL.2212,http://image.wufazhuce.com/FvIbXJ46pHKIlDiC3TU_swqUyKjw,Ӱ,"27Oct 2018",ϲԵĶƴԣԵθϲֵѭͷϲϷ浽£ϲȥĵطϺþãסӡ㿴б¸еĿ֣Ψ£Ϊƣڴϸˮ ____
VOL.2213,http://image.wufazhuce.com/Fu4obyzaMH6ZCobCDdIKmd_7xeC9,Ӱ,"28Oct 2018",ᵽϲһͿأΰĲԼ
VOL.2214,http://image.wufazhuce.com/FgSRX31PSPMWPbQMuSNa41tJQpIM,Ӱ,"29Oct 2018",ǣǰʹĲ֣ʹʱŸо
VOL.2215,http://image.wufazhuce.com/Fp9kxCDwwZbj2aBbTMUdiLLOMEIB,Ӱ,"30Oct 2018",ʲôˣֻҪһУͻᾡܵʹԣҾһֱʹáҺóϡС